{"cameraMode":{"drawMode":0,"name":"Shaded","section":"Shading Mode"},"sceneLighting":false,"audioPlay":false,"sceneViewState":{"showFog":true,"showMaterialUpdate":false,"showSkybox":false,"showFlares":true,"showImageEffects":true,"showParticleSystems":true},"in2DMode":false,"pivot":{"x":-0.008930206298828125,"y":0.4549744725227356,"z":-0.03266561031341553},"rotation":{"x":-0.015240401029586792,"y":0.968333899974823,"z":-0.06108587980270386,"w":-0.24159108102321626},"size":0.694405198097229,"orthographic":false}