{"cameraMode":{"drawMode":0,"name":"Shaded","section":"Shading Mode"},"sceneLighting":true,"audioPlay":false,"sceneViewState":{"showFog":true,"showMaterialUpdate":false,"showSkybox":true,"showFlares":true,"showImageEffects":true,"showParticleSystems":true},"in2DMode":false,"pivot":{"x":24.860013961791993,"y":11.15254020690918,"z":7.7602949142456059},"rotation":{"x":0.00041164536378346384,"y":0.9958100318908691,"z":0.09137102216482163,"w":-0.004481024108827114},"size":16.484310150146486,"orthographic":true}