{"cameraMode":{"drawMode":0,"name":"Shaded","section":"Shading Mode"},"sceneLighting":false,"audioPlay":false,"sceneViewState":{"showFog":true,"showMaterialUpdate":false,"showSkybox":false,"showFlares":true,"showImageEffects":true,"showParticleSystems":true},"in2DMode":false,"pivot":{"x":-0.35011178255081179,"y":3.366964101791382,"z":0.4692401885986328},"rotation":{"x":0.0008854479528963566,"y":-0.9974387884140015,"z":-0.07043612003326416,"w":-0.012561002746224404},"size":2.400017261505127,"orthographic":false}