{"cameraMode":{"drawMode":0,"name":"Shaded","section":"Shading Mode"},"sceneLighting":false,"audioPlay":false,"sceneViewState":{"showFog":true,"showMaterialUpdate":false,"showSkybox":false,"showFlares":true,"showImageEffects":true,"showParticleSystems":true},"in2DMode":false,"pivot":{"x":-0.21801182627677918,"y":0.35699576139450076,"z":-0.1830676645040512},"rotation":{"x":0.050274595618247989,"y":0.948895275592804,"z":-0.23976702988147736,"w":0.19896388053894044},"size":1.1723029613494874,"orthographic":true}