{"cameraMode":{"drawMode":0,"name":"Shaded","section":"Shading Mode"},"sceneLighting":false,"audioPlay":false,"sceneViewState":{"showFog":true,"showMaterialUpdate":false,"showSkybox":false,"showFlares":true,"showImageEffects":true,"showParticleSystems":true},"in2DMode":false,"pivot":{"x":-2.980232238769531e-7,"y":0.7889547944068909,"z":-0.14197739958763123},"rotation":{"x":-0.007629712577909231,"y":0.9920058846473694,"z":-0.07454025000333786,"w":-0.10153684765100479},"size":1.0027505159378052,"orthographic":true}