{"cameraMode":{"drawMode":0,"name":"Shaded","section":"Shading Mode"},"sceneLighting":false,"audioPlay":false,"sceneViewState":{"showFog":true,"showMaterialUpdate":false,"showSkybox":false,"showFlares":true,"showImageEffects":true,"showParticleSystems":true},"in2DMode":false,"pivot":{"x":0.0,"y":0.6544480323791504,"z":0.2055271416902542},"rotation":{"x":0.5867170095443726,"y":0.0029246420599520208,"z":-0.002118394011631608,"w":0.8097898960113525},"size":1.219236135482788,"orthographic":true}