{"cameraMode":{"drawMode":0,"name":"Shaded","section":"Shading Mode"},"sceneLighting":false,"audioPlay":false,"sceneViewState":{"showFog":true,"showMaterialUpdate":false,"showSkybox":false,"showFlares":true,"showImageEffects":true,"showParticleSystems":true},"in2DMode":false,"pivot":{"x":0.3375244140625,"y":0.0,"z":1.8000001907348633},"rotation":{"x":0.0008854479528963566,"y":-0.9974387884140015,"z":-0.07043612003326416,"w":-0.012561002746224404},"size":5.820683479309082,"orthographic":false}