{"cameraMode":{"drawMode":0,"name":"Shaded","section":"Shading Mode"},"sceneLighting":false,"audioPlay":false,"sceneViewState":{"showFog":true,"showMaterialUpdate":false,"showSkybox":false,"showFlares":true,"showImageEffects":true,"showParticleSystems":true},"in2DMode":false,"pivot":{"x":-2.980232238769531e-7,"y":0.7577564716339111,"z":0.6094169616699219},"rotation":{"x":-0.018989797681570054,"y":0.7737558484077454,"z":0.6327767968177795,"w":0.023219291120767595},"size":1.0027503967285157,"orthographic":true}