{"cameraMode":{"drawMode":0,"name":"Shaded","section":"Shading Mode"},"sceneLighting":false,"audioPlay":false,"sceneViewState":{"showFog":true,"showMaterialUpdate":false,"showSkybox":false,"showFlares":true,"showImageEffects":true,"showParticleSystems":true},"in2DMode":false,"pivot":{"x":0.0,"y":-1.2249999046325684,"z":1.3999998569488526},"rotation":{"x":-0.0010270967613905669,"y":0.939541220664978,"z":0.3424273729324341,"w":0.002819155575707555},"size":5.292001247406006,"orthographic":true}