{"cameraMode":{"drawMode":0,"name":"Shaded","section":"Shading Mode"},"sceneLighting":true,"audioPlay":false,"sceneViewState":{"showFog":true,"showMaterialUpdate":false,"showSkybox":false,"showFlares":true,"showImageEffects":true,"showParticleSystems":true},"in2DMode":false,"pivot":{"x":-0.1867384910583496,"y":1.0866000652313233,"z":0.1495811939239502},"rotation":{"x":0.0008854479528963566,"y":-0.9974387884140015,"z":-0.07043612003326416,"w":-0.012561002746224404},"size":1.2297559976577759,"orthographic":false}