{"cameraMode":{"drawMode":0,"name":"Shaded","section":"Shading Mode"},"sceneLighting":false,"audioPlay":false,"sceneViewState":{"showFog":true,"showMaterialUpdate":false,"showSkybox":false,"showFlares":true,"showImageEffects":true,"showParticleSystems":true},"in2DMode":false,"pivot":{"x":0.0,"y":0.6544480323791504,"z":0.2055271416902542},"rotation":{"x":0.0012376273516565562,"y":0.997484564781189,"z":-0.017956474795937539,"w":0.06862016022205353},"size":1.219236135482788,"orthographic":true}