{"cameraMode":{"drawMode":0,"name":"Shaded","section":"Shading Mode"},"sceneLighting":false,"audioPlay":false,"sceneViewState":{"showFog":true,"showMaterialUpdate":false,"showSkybox":false,"showFlares":true,"showImageEffects":true,"showParticleSystems":true},"in2DMode":false,"pivot":{"x":0.0,"y":0.93492591381073,"z":0.2936100959777832},"rotation":{"x":-0.007629712577909231,"y":0.9920058846473694,"z":-0.07454025000333786,"w":-0.10153684765100479},"size":1.7417657375335694,"orthographic":true}